{
  "benchmark_dir": "data/benchmark_report",
  "queries": 99,
  "qrels": 129,
  "top_k": 10,
  "candidate_k": 50,
  "rrf_k": 60,
  "method": "hybrid_rrf_bm25_dense",
  "filter_source": true,
  "rerank": true,
  "metrics": {
    "text": {
      "queries": 40,
      "hit@1": 0.15,
      "recall@1": 0.15,
      "precision@1": 0.15,
      "mrr@1": 0.15,
      "hit@3": 0.3,
      "recall@3": 0.3,
      "precision@3": 0.1,
      "mrr@3": 0.20833333333333331,
      "hit@5": 0.375,
      "recall@5": 0.375,
      "precision@5": 0.075,
      "mrr@5": 0.22583333333333333,
      "hit@10": 0.6,
      "recall@10": 0.6,
      "precision@10": 0.06000000000000001,
      "mrr@10": 0.25294642857142857
    },
    "all": {
      "queries": 99,
      "hit@1": 0.2222222222222222,
      "recall@1": 0.20875420875420872,
      "precision@1": 0.2222222222222222,
      "mrr@1": 0.2222222222222222,
      "hit@3": 0.47474747474747475,
      "recall@3": 0.4276094276094276,
      "precision@3": 0.15824915824915825,
      "mrr@3": 0.3367003367003367,
      "hit@5": 0.5656565656565656,
      "recall@5": 0.5050505050505051,
      "precision@5": 0.11313131313131308,
      "mrr@5": 0.3574074074074074,
      "hit@10": 0.7777777777777778,
      "recall@10": 0.6969696969696968,
      "precision@10": 0.07979797979797978,
      "mrr@10": 0.3860790444123777
    },
    "table": {
      "queries": 26,
      "hit@1": 0.34615384615384615,
      "recall@1": 0.34615384615384615,
      "precision@1": 0.34615384615384615,
      "mrr@1": 0.34615384615384615,
      "hit@3": 0.6538461538461539,
      "recall@3": 0.6538461538461539,
      "precision@3": 0.21794871794871792,
      "mrr@3": 0.49358974358974356,
      "hit@5": 0.7692307692307693,
      "recall@5": 0.7692307692307693,
      "precision@5": 0.15384615384615388,
      "mrr@5": 0.5166666666666667,
      "hit@10": 0.9615384615384616,
      "recall@10": 0.9615384615384616,
      "precision@10": 0.09615384615384617,
      "mrr@10": 0.5461996336996336
    },
    "image": {
      "queries": 18,
      "hit@1": 0.2777777777777778,
      "recall@1": 0.2777777777777778,
      "precision@1": 0.2777777777777778,
      "mrr@1": 0.2777777777777778,
      "hit@3": 0.6111111111111112,
      "recall@3": 0.6111111111111112,
      "precision@3": 0.2037037037037037,
      "mrr@3": 0.4259259259259259,
      "hit@5": 0.6666666666666666,
      "recall@5": 0.6666666666666666,
      "precision@5": 0.13333333333333336,
      "mrr@5": 0.43981481481481477,
      "hit@10": 0.8333333333333334,
      "recall@10": 0.8333333333333334,
      "precision@10": 0.08333333333333336,
      "mrr@10": 0.4652777777777778
    },
    "multimodal": {
      "queries": 15,
      "hit@1": 0.13333333333333333,
      "recall@1": 0.04444444444444444,
      "precision@1": 0.13333333333333333,
      "mrr@1": 0.13333333333333333,
      "hit@3": 0.4666666666666667,
      "recall@3": 0.15555555555555553,
      "precision@3": 0.15555555555555553,
      "mrr@3": 0.3,
      "hit@5": 0.6,
      "recall@5": 0.2,
      "precision@5": 0.11999999999999998,
      "mrr@5": 0.3333333333333333,
      "hit@10": 0.8666666666666667,
      "recall@10": 0.33333333333333326,
      "precision@10": 0.10000000000000002,
      "mrr@10": 0.3685185185185185
    }
  }
}