{
  "benchmark_dir": "data/benchmark_report",
  "queries": 110,
  "qrels": 148,
  "top_k": 10,
  "method": "bm25",
  "filter_source": false,
  "metrics": {
    "text": {
      "queries": 40,
      "hit@1": 0.025,
      "recall@1": 0.025,
      "precision@1": 0.025,
      "mrr@1": 0.025,
      "hit@3": 0.075,
      "recall@3": 0.075,
      "precision@3": 0.025,
      "mrr@3": 0.05,
      "hit@5": 0.125,
      "recall@5": 0.125,
      "precision@5": 0.025,
      "mrr@5": 0.0625,
      "hit@10": 0.15,
      "recall@10": 0.15,
      "precision@10": 0.015000000000000003,
      "mrr@10": 0.065
    },
    "all": {
      "queries": 110,
      "hit@1": 0.19090909090909092,
      "recall@1": 0.19090909090909092,
      "precision@1": 0.19090909090909092,
      "mrr@1": 0.19090909090909092,
      "hit@3": 0.3,
      "recall@3": 0.2818181818181818,
      "precision@3": 0.1,
      "mrr@3": 0.2333333333333333,
      "hit@5": 0.37272727272727274,
      "recall@5": 0.3484848484848485,
      "precision@5": 0.07454545454545454,
      "mrr@5": 0.2492424242424242,
      "hit@10": 0.4727272727272727,
      "recall@10": 0.4303030303030303,
      "precision@10": 0.04727272727272726,
      "mrr@10": 0.2609668109668109
    },
    "table": {
      "queries": 26,
      "hit@1": 0.15384615384615385,
      "recall@1": 0.15384615384615385,
      "precision@1": 0.15384615384615385,
      "mrr@1": 0.15384615384615385,
      "hit@3": 0.2692307692307692,
      "recall@3": 0.2692307692307692,
      "precision@3": 0.08974358974358974,
      "mrr@3": 0.1987179487179487,
      "hit@5": 0.38461538461538464,
      "recall@5": 0.38461538461538464,
      "precision@5": 0.07692307692307693,
      "mrr@5": 0.22179487179487178,
      "hit@10": 0.6538461538461539,
      "recall@10": 0.6538461538461539,
      "precision@10": 0.06538461538461539,
      "mrr@10": 0.25409035409035413
    },
    "image": {
      "queries": 25,
      "hit@1": 0.64,
      "recall@1": 0.64,
      "precision@1": 0.64,
      "mrr@1": 0.64,
      "hit@3": 0.8,
      "recall@3": 0.8,
      "precision@3": 0.26666666666666666,
      "mrr@3": 0.7,
      "hit@5": 0.88,
      "recall@5": 0.88,
      "precision@5": 0.17600000000000002,
      "mrr@5": 0.7180000000000001,
      "hit@10": 0.88,
      "recall@10": 0.88,
      "precision@10": 0.08800000000000001,
      "mrr@10": 0.7180000000000001
    },
    "multimodal": {
      "queries": 19,
      "hit@1": 0.0,
      "recall@1": 0.0,
      "precision@1": 0.0,
      "mrr@1": 0.0,
      "hit@3": 0.15789473684210525,
      "recall@3": 0.05263157894736842,
      "precision@3": 0.05263157894736842,
      "mrr@3": 0.05263157894736842,
      "hit@5": 0.21052631578947367,
      "recall@5": 0.07017543859649122,
      "precision@5": 0.042105263157894736,
      "mrr@5": 0.06315789473684211,
      "hit@10": 0.3684210526315789,
      "recall@10": 0.12280701754385963,
      "precision@10": 0.03684210526315789,
      "mrr@10": 0.08157894736842104
    }
  }
}