{
  "benchmark_dir": "data/benchmark_report",
  "queries": 110,
  "qrels": 148,
  "top_k": 10,
  "candidate_k": 50,
  "rrf_k": 60,
  "method": "hybrid_rrf_bm25_dense",
  "filter_source": false,
  "rerank": false,
  "metrics": {
    "text": {
      "queries": 40,
      "hit@1": 0.075,
      "recall@1": 0.075,
      "precision@1": 0.075,
      "mrr@1": 0.075,
      "hit@3": 0.125,
      "recall@3": 0.125,
      "precision@3": 0.041666666666666664,
      "mrr@3": 0.1,
      "hit@5": 0.125,
      "recall@5": 0.125,
      "precision@5": 0.025,
      "mrr@5": 0.1,
      "hit@10": 0.25,
      "recall@10": 0.25,
      "precision@10": 0.025,
      "mrr@10": 0.11651785714285715
    },
    "all": {
      "queries": 110,
      "hit@1": 0.22727272727272727,
      "recall@1": 0.21515151515151512,
      "precision@1": 0.22727272727272727,
      "mrr@1": 0.22727272727272727,
      "hit@3": 0.4090909090909091,
      "recall@3": 0.3606060606060607,
      "precision@3": 0.13636363636363638,
      "mrr@3": 0.303030303030303,
      "hit@5": 0.4636363636363636,
      "recall@5": 0.40909090909090917,
      "precision@5": 0.0927272727272727,
      "mrr@5": 0.31530303030303036,
      "hit@10": 0.5818181818181818,
      "recall@10": 0.5151515151515152,
      "precision@10": 0.05818181818181817,
      "mrr@10": 0.33100288600288597
    },
    "table": {
      "queries": 26,
      "hit@1": 0.23076923076923078,
      "recall@1": 0.23076923076923078,
      "precision@1": 0.23076923076923078,
      "mrr@1": 0.23076923076923078,
      "hit@3": 0.46153846153846156,
      "recall@3": 0.46153846153846156,
      "precision@3": 0.15384615384615385,
      "mrr@3": 0.3269230769230769,
      "hit@5": 0.5769230769230769,
      "recall@5": 0.5769230769230769,
      "precision@5": 0.11538461538461542,
      "mrr@5": 0.35192307692307695,
      "hit@10": 0.8076923076923077,
      "recall@10": 0.8076923076923077,
      "precision@10": 0.08076923076923077,
      "mrr@10": 0.3835927960927962
    },
    "image": {
      "queries": 25,
      "hit@1": 0.56,
      "recall@1": 0.56,
      "precision@1": 0.56,
      "mrr@1": 0.56,
      "hit@3": 0.8,
      "recall@3": 0.8,
      "precision@3": 0.26666666666666666,
      "mrr@3": 0.6533333333333333,
      "hit@5": 0.88,
      "recall@5": 0.88,
      "precision@5": 0.17600000000000002,
      "mrr@5": 0.6713333333333332,
      "hit@10": 0.88,
      "recall@10": 0.88,
      "precision@10": 0.08800000000000001,
      "mrr@10": 0.6713333333333332
    },
    "multimodal": {
      "queries": 19,
      "hit@1": 0.10526315789473684,
      "recall@1": 0.03508771929824561,
      "precision@1": 0.10526315789473684,
      "mrr@1": 0.10526315789473684,
      "hit@3": 0.42105263157894735,
      "recall@3": 0.14035087719298245,
      "precision@3": 0.14035087719298245,
      "mrr@3": 0.23684210526315788,
      "hit@5": 0.47368421052631576,
      "recall@5": 0.15789473684210528,
      "precision@5": 0.09473684210526316,
      "mrr@5": 0.25,
      "hit@10": 0.5789473684210527,
      "recall@10": 0.1929824561403509,
      "precision@10": 0.05789473684210527,
      "mrr@10": 0.262781954887218
    }
  }
}